"","Mean","Median","Mode","ESS","HDImass","HDIlow","HDIhigh","CompVal","PcntGtCompVal","ROPElow","ROPEhigh","PcntLtROPE","PcntInROPE","PcntGtROPE"
"theta[1]",0.00895114437413151,0.00893728004433072,0.00896883703218653,50000,0.95,0.0076347991956682,0.0103396317793313,NA,NA,NA,NA,NA,NA,NA
"theta[2]",0.000549412168419341,0.000531091185652742,0.000517563652534002,50000,0.95,0.000230482424107215,0.00088820011273744,NA,NA,NA,NA,NA,NA,NA
"theta[1]-theta[2]",0.00840173220571217,0.00838690196729218,0.00825832875370631,50000,0.95,0.00700538054468383,0.00979124944059329,0,100,NA,NA,NA,NA,NA
